1;cb2bd3ff-549f-495d-abd0-bc92e1ed5242;{"first_name": "Daniel", "last_name": "Radcliffe"}
2;323e5bee-4482-4cc1-bc22-340e9dbe2660;{"first_name": "Rupert", "last_name": "Grint"}
3;48824411-081f-4438-ac36-537f8aeac15f;{"first_name": "Emma", "last_name": "Watson"}
4;d3a8a386-d8bc-42b8-8a67-93fa206a0c1f;{"first_name": "John", "last_name": "Cleese"}
5;8e69cd6b-e13b-4d98-947d-43b432a7ca5e;{"first_name": "Robbie", "last_name": "Coltrane"}
6;af5cfd9d-9334-4f2f-ae3e-382a8e64a18e;{"first_name": "Maggie", "last_name": "Smith"}
7;8c720bae-c144-4250-91ec-ad28b9d9b7c0;{"first_name": "Warwick", "last_name": "Davis"}
8;ffbc140e-33bc-4366-ae13-4476bf34c573;{"first_name": "Richard", "last_name": "Harris"}
9;d9d70038-3cf0-44ff-b28e-38ac450358a5;{"first_name": "John", "last_name": "Hurt"}
10;9a8c1a91-091b-4418-9392-018a1efd259b;{"first_name": "Alan", "last_name": "Rickman"}
11;4a63ac12-d623-4878-9afe-1d72ed5183c3;{"first_name": "Julie", "last_name": "Walters"}
12;586583af-1f20-4c8a-9fad-fa49aa12c070;{"first_name": "Ian", "last_name": "Hart"}
13;9dd40180-1455-4a16-a04b-45bb032e4a4f;{"first_name": "Richard", "last_name": "Griffiths"}
14;ef7f4c27-bd03-4e58-9a49-17d3fa0a2f39;{"first_name": "Fiona", "last_name": "Shaw"}
